ID,Station ID,Station Name,Province,Solar Intensity Value,Status,Date/Time
1572057,22,กรมพัฒนาพลังงานทดแทนและอนุรักษ์พลังงาน (จังหวัดกรุงเทพมหานคร),กรมพลังงานทดแทนและอนุรักษ์พลังงาน เลขที่ 17 ถนนพระราม 1 ปทุมวัน กรุงเทพฯ 10330,32.58,Active,4/10/2026 14:45
1572016,22,กรมพัฒนาพลังงานทดแทนและอนุรักษ์พลังงาน (จังหวัดกรุงเทพมหานคร),กรมพลังงานทดแทนและอนุรักษ์พลังงาน เลขที่ 17 ถนนพระราม 1 ปทุมวัน กรุงเทพฯ 10330,44.94,Active,4/10/2026 14:35
1571991,22,กรมพัฒนาพลังงานทดแทนและอนุรักษ์พลังงาน (จังหวัดกรุงเทพมหานคร),กรมพลังงานทดแทนและอนุรักษ์พลังงาน เลขที่ 17 ถนนพระราม 1 ปทุมวัน กรุงเทพฯ 10330,89.81,Active,4/10/2026 14:25
1571968,22,กรมพัฒนาพลังงานทดแทนและอนุรักษ์พลังงาน (จังหวัดกรุงเทพมหานคร),กรมพลังงานทดแทนและอนุรักษ์พลังงาน เลขที่ 17 ถนนพระราม 1 ปทุมวัน กรุงเทพฯ 10330,159.55,Active,4/10/2026 14:15
1571932,22,กรมพัฒนาพลังงานทดแทนและอนุรักษ์พลังงาน (จังหวัดกรุงเทพมหานคร),กรมพลังงานทดแทนและอนุรักษ์พลังงาน เลขที่ 17 ถนนพระราม 1 ปทุมวัน กรุงเทพฯ 10330,433.45,Active,4/10/2026 14:05
1571906,22,กรมพัฒนาพลังงานทดแทนและอนุรักษ์พลังงาน (จังหวัดกรุงเทพมหานคร),กรมพลังงานทดแทนและอนุรักษ์พลังงาน เลขที่ 17 ถนนพระราม 1 ปทุมวัน กรุงเทพฯ 10330,355.89,Active,4/10/2026 13:55
1571882,22,กรมพัฒนาพลังงานทดแทนและอนุรักษ์พลังงาน (จังหวัดกรุงเทพมหานคร),กรมพลังงานทดแทนและอนุรักษ์พลังงาน เลขที่ 17 ถนนพระราม 1 ปทุมวัน กรุงเทพฯ 10330,809.81,Active,4/10/2026 13:45
1571814,22,กรมพัฒนาพลังงานทดแทนและอนุรักษ์พลังงาน (จังหวัดกรุงเทพมหานคร),กรมพลังงานทดแทนและอนุรักษ์พลังงาน เลขที่ 17 ถนนพระราม 1 ปทุมวัน กรุงเทพฯ 10330,939.1,Active,4/10/2026 13:35
1571791,22,กรมพัฒนาพลังงานทดแทนและอนุรักษ์พลังงาน (จังหวัดกรุงเทพมหานคร),กรมพลังงานทดแทนและอนุรักษ์พลังงาน เลขที่ 17 ถนนพระราม 1 ปทุมวัน กรุงเทพฯ 10330,384.96,Active,4/10/2026 13:25
1571659,22,กรมพัฒนาพลังงานทดแทนและอนุรักษ์พลังงาน (จังหวัดกรุงเทพมหานคร),กรมพลังงานทดแทนและอนุรักษ์พลังงาน เลขที่ 17 ถนนพระราม 1 ปทุมวัน กรุงเทพฯ 10330,958.63,Active,4/10/2026 13:15
1571621,22,กรมพัฒนาพลังงานทดแทนและอนุรักษ์พลังงาน (จังหวัดกรุงเทพมหานคร),กรมพลังงานทดแทนและอนุรักษ์พลังงาน เลขที่ 17 ถนนพระราม 1 ปทุมวัน กรุงเทพฯ 10330,888.99,Active,4/10/2026 13:05
1571598,22,กรมพัฒนาพลังงานทดแทนและอนุรักษ์พลังงาน (จังหวัดกรุงเทพมหานคร),กรมพลังงานทดแทนและอนุรักษ์พลังงาน เลขที่ 17 ถนนพระราม 1 ปทุมวัน กรุงเทพฯ 10330,1014.76,Active,4/10/2026 12:55
1571564,22,กรมพัฒนาพลังงานทดแทนและอนุรักษ์พลังงาน (จังหวัดกรุงเทพมหานคร),กรมพลังงานทดแทนและอนุรักษ์พลังงาน เลขที่ 17 ถนนพระราม 1 ปทุมวัน กรุงเทพฯ 10330,990.79,Active,4/10/2026 12:45
1571541,22,กรมพัฒนาพลังงานทดแทนและอนุรักษ์พลังงาน (จังหวัดกรุงเทพมหานคร),กรมพลังงานทดแทนและอนุรักษ์พลังงาน เลขที่ 17 ถนนพระราม 1 ปทุมวัน กรุงเทพฯ 10330,311.79,Active,4/10/2026 12:35
1571518,22,กรมพัฒนาพลังงานทดแทนและอนุรักษ์พลังงาน (จังหวัดกรุงเทพมหานคร),กรมพลังงานทดแทนและอนุรักษ์พลังงาน เลขที่ 17 ถนนพระราม 1 ปทุมวัน กรุงเทพฯ 10330,333.86,Active,4/10/2026 12:25
1571488,22,กรมพัฒนาพลังงานทดแทนและอนุรักษ์พลังงาน (จังหวัดกรุงเทพมหานคร),กรมพลังงานทดแทนและอนุรักษ์พลังงาน เลขที่ 17 ถนนพระราม 1 ปทุมวัน กรุงเทพฯ 10330,1032.89,Active,4/10/2026 12:15
1571487,22,กรมพัฒนาพลังงานทดแทนและอนุรักษ์พลังงาน (จังหวัดกรุงเทพมหานคร),กรมพลังงานทดแทนและอนุรักษ์พลังงาน เลขที่ 17 ถนนพระราม 1 ปทุมวัน กรุงเทพฯ 10330,1050.23,Active,4/10/2026 12:15
1571486,22,กรมพัฒนาพลังงานทดแทนและอนุรักษ์พลังงาน (จังหวัดกรุงเทพมหานคร),กรมพลังงานทดแทนและอนุรักษ์พลังงาน เลขที่ 17 ถนนพระราม 1 ปทุมวัน กรุงเทพฯ 10330,939.91,Active,4/10/2026 12:15
1571485,22,กรมพัฒนาพลังงานทดแทนและอนุรักษ์พลังงาน (จังหวัดกรุงเทพมหานคร),กรมพลังงานทดแทนและอนุรักษ์พลังงาน เลขที่ 17 ถนนพระราม 1 ปทุมวัน กรุงเทพฯ 10330,349.64,Active,4/10/2026 12:15
1571484,22,กรมพัฒนาพลังงานทดแทนและอนุรักษ์พลังงาน (จังหวัดกรุงเทพมหานคร),กรมพลังงานทดแทนและอนุรักษ์พลังงาน เลขที่ 17 ถนนพระราม 1 ปทุมวัน กรุงเทพฯ 10330,953.29,Active,4/10/2026 12:15
1571483,22,กรมพัฒนาพลังงานทดแทนและอนุรักษ์พลังงาน (จังหวัดกรุงเทพมหานคร),กรมพลังงานทดแทนและอนุรักษ์พลังงาน เลขที่ 17 ถนนพระราม 1 ปทุมวัน กรุงเทพฯ 10330,968.01,Active,4/10/2026 12:15
1571482,22,กรมพัฒนาพลังงานทดแทนและอนุรักษ์พลังงาน (จังหวัดกรุงเทพมหานคร),กรมพลังงานทดแทนและอนุรักษ์พลังงาน เลขที่ 17 ถนนพระราม 1 ปทุมวัน กรุงเทพฯ 10330,707.82,Active,4/10/2026 12:15
1571225,22,กรมพัฒนาพลังงานทดแทนและอนุรักษ์พลังงาน (จังหวัดกรุงเทพมหานคร),กรมพลังงานทดแทนและอนุรักษ์พลังงาน เลขที่ 17 ถนนพระราม 1 ปทุมวัน กรุงเทพฯ 10330,908.5,Active,4/10/2026 11:05
1571192,22,กรมพัฒนาพลังงานทดแทนและอนุรักษ์พลังงาน (จังหวัดกรุงเทพมหานคร),กรมพลังงานทดแทนและอนุรักษ์พลังงาน เลขที่ 17 ถนนพระราม 1 ปทุมวัน กรุงเทพฯ 10330,879.34,Active,4/10/2026 10:55
1571166,22,กรมพัฒนาพลังงานทดแทนและอนุรักษ์พลังงาน (จังหวัดกรุงเทพมหานคร),กรมพลังงานทดแทนและอนุรักษ์พลังงาน เลขที่ 17 ถนนพระราม 1 ปทุมวัน กรุงเทพฯ 10330,869.76,Active,4/10/2026 10:45
1571134,22,กรมพัฒนาพลังงานทดแทนและอนุรักษ์พลังงาน (จังหวัดกรุงเทพมหานคร),กรมพลังงานทดแทนและอนุรักษ์พลังงาน เลขที่ 17 ถนนพระราม 1 ปทุมวัน กรุงเทพฯ 10330,798.83,Active,4/10/2026 10:35
1571107,22,กรมพัฒนาพลังงานทดแทนและอนุรักษ์พลังงาน (จังหวัดกรุงเทพมหานคร),กรมพลังงานทดแทนและอนุรักษ์พลังงาน เลขที่ 17 ถนนพระราม 1 ปทุมวัน กรุงเทพฯ 10330,791.79,Active,4/10/2026 10:25
1571082,22,กรมพัฒนาพลังงานทดแทนและอนุรักษ์พลังงาน (จังหวัดกรุงเทพมหานคร),กรมพลังงานทดแทนและอนุรักษ์พลังงาน เลขที่ 17 ถนนพระราม 1 ปทุมวัน กรุงเทพฯ 10330,758.53,Active,4/10/2026 10:15
1571055,22,กรมพัฒนาพลังงานทดแทนและอนุรักษ์พลังงาน (จังหวัดกรุงเทพมหานคร),กรมพลังงานทดแทนและอนุรักษ์พลังงาน เลขที่ 17 ถนนพระราม 1 ปทุมวัน กรุงเทพฯ 10330,747.27,Active,4/10/2026 10:05
1571029,22,กรมพัฒนาพลังงานทดแทนและอนุรักษ์พลังงาน (จังหวัดกรุงเทพมหานคร),กรมพลังงานทดแทนและอนุรักษ์พลังงาน เลขที่ 17 ถนนพระราม 1 ปทุมวัน กรุงเทพฯ 10330,724.2,Active,4/10/2026 9:55
1570991,22,กรมพัฒนาพลังงานทดแทนและอนุรักษ์พลังงาน (จังหวัดกรุงเทพมหานคร),กรมพลังงานทดแทนและอนุรักษ์พลังงาน เลขที่ 17 ถนนพระราม 1 ปทุมวัน กรุงเทพฯ 10330,683.6,Active,4/10/2026 9:45
1570939,22,กรมพัฒนาพลังงานทดแทนและอนุรักษ์พลังงาน (จังหวัดกรุงเทพมหานคร),กรมพลังงานทดแทนและอนุรักษ์พลังงาน เลขที่ 17 ถนนพระราม 1 ปทุมวัน กรุงเทพฯ 10330,664.67,Active,4/10/2026 9:35
1570906,22,กรมพัฒนาพลังงานทดแทนและอนุรักษ์พลังงาน (จังหวัดกรุงเทพมหานคร),กรมพลังงานทดแทนและอนุรักษ์พลังงาน เลขที่ 17 ถนนพระราม 1 ปทุมวัน กรุงเทพฯ 10330,650.92,Active,4/10/2026 9:25
1570858,22,กรมพัฒนาพลังงานทดแทนและอนุรักษ์พลังงาน (จังหวัดกรุงเทพมหานคร),กรมพลังงานทดแทนและอนุรักษ์พลังงาน เลขที่ 17 ถนนพระราม 1 ปทุมวัน กรุงเทพฯ 10330,623.87,Active,4/10/2026 9:15
1570829,22,กรมพัฒนาพลังงานทดแทนและอนุรักษ์พลังงาน (จังหวัดกรุงเทพมหานคร),กรมพลังงานทดแทนและอนุรักษ์พลังงาน เลขที่ 17 ถนนพระราม 1 ปทุมวัน กรุงเทพฯ 10330,575.41,Active,4/10/2026 9:05
1570803,22,กรมพัฒนาพลังงานทดแทนและอนุรักษ์พลังงาน (จังหวัดกรุงเทพมหานคร),กรมพลังงานทดแทนและอนุรักษ์พลังงาน เลขที่ 17 ถนนพระราม 1 ปทุมวัน กรุงเทพฯ 10330,491.25,Active,4/10/2026 8:55
1570776,22,กรมพัฒนาพลังงานทดแทนและอนุรักษ์พลังงาน (จังหวัดกรุงเทพมหานคร),กรมพลังงานทดแทนและอนุรักษ์พลังงาน เลขที่ 17 ถนนพระราม 1 ปทุมวัน กรุงเทพฯ 10330,449.06,Active,4/10/2026 8:45
1570749,22,กรมพัฒนาพลังงานทดแทนและอนุรักษ์พลังงาน (จังหวัดกรุงเทพมหานคร),กรมพลังงานทดแทนและอนุรักษ์พลังงาน เลขที่ 17 ถนนพระราม 1 ปทุมวัน กรุงเทพฯ 10330,502.4,Active,4/10/2026 8:35
1570719,22,กรมพัฒนาพลังงานทดแทนและอนุรักษ์พลังงาน (จังหวัดกรุงเทพมหานคร),กรมพลังงานทดแทนและอนุรักษ์พลังงาน เลขที่ 17 ถนนพระราม 1 ปทุมวัน กรุงเทพฯ 10330,484.22,Active,4/10/2026 8:25
1570665,22,กรมพัฒนาพลังงานทดแทนและอนุรักษ์พลังงาน (จังหวัดกรุงเทพมหานคร),กรมพลังงานทดแทนและอนุรักษ์พลังงาน เลขที่ 17 ถนนพระราม 1 ปทุมวัน กรุงเทพฯ 10330,444.88,Active,4/10/2026 8:15
1570638,22,กรมพัฒนาพลังงานทดแทนและอนุรักษ์พลังงาน (จังหวัดกรุงเทพมหานคร),กรมพลังงานทดแทนและอนุรักษ์พลังงาน เลขที่ 17 ถนนพระราม 1 ปทุมวัน กรุงเทพฯ 10330,406.91,Active,4/10/2026 8:05
1570612,22,กรมพัฒนาพลังงานทดแทนและอนุรักษ์พลังงาน (จังหวัดกรุงเทพมหานคร),กรมพลังงานทดแทนและอนุรักษ์พลังงาน เลขที่ 17 ถนนพระราม 1 ปทุมวัน กรุงเทพฯ 10330,376.55,Active,4/10/2026 7:55
1570564,22,กรมพัฒนาพลังงานทดแทนและอนุรักษ์พลังงาน (จังหวัดกรุงเทพมหานคร),กรมพลังงานทดแทนและอนุรักษ์พลังงาน เลขที่ 17 ถนนพระราม 1 ปทุมวัน กรุงเทพฯ 10330,255.64,Active,4/10/2026 7:45
1570542,22,กรมพัฒนาพลังงานทดแทนและอนุรักษ์พลังงาน (จังหวัดกรุงเทพมหานคร),กรมพลังงานทดแทนและอนุรักษ์พลังงาน เลขที่ 17 ถนนพระราม 1 ปทุมวัน กรุงเทพฯ 10330,253.87,Active,4/10/2026 7:35
1570511,22,กรมพัฒนาพลังงานทดแทนและอนุรักษ์พลังงาน (จังหวัดกรุงเทพมหานคร),กรมพลังงานทดแทนและอนุรักษ์พลังงาน เลขที่ 17 ถนนพระราม 1 ปทุมวัน กรุงเทพฯ 10330,211.54,Active,4/10/2026 7:25
1570486,22,กรมพัฒนาพลังงานทดแทนและอนุรักษ์พลังงาน (จังหวัดกรุงเทพมหานคร),กรมพลังงานทดแทนและอนุรักษ์พลังงาน เลขที่ 17 ถนนพระราม 1 ปทุมวัน กรุงเทพฯ 10330,130.62,Active,4/10/2026 7:15
1570460,22,กรมพัฒนาพลังงานทดแทนและอนุรักษ์พลังงาน (จังหวัดกรุงเทพมหานคร),กรมพลังงานทดแทนและอนุรักษ์พลังงาน เลขที่ 17 ถนนพระราม 1 ปทุมวัน กรุงเทพฯ 10330,97.36,Active,4/10/2026 7:05
1570343,22,กรมพัฒนาพลังงานทดแทนและอนุรักษ์พลังงาน (จังหวัดกรุงเทพมหานคร),กรมพลังงานทดแทนและอนุรักษ์พลังงาน เลขที่ 17 ถนนพระราม 1 ปทุมวัน กรุงเทพฯ 10330,84,Active,4/10/2026 6:55
1570336,22,กรมพัฒนาพลังงานทดแทนและอนุรักษ์พลังงาน (จังหวัดกรุงเทพมหานคร),กรมพลังงานทดแทนและอนุรักษ์พลังงาน เลขที่ 17 ถนนพระราม 1 ปทุมวัน กรุงเทพฯ 10330,61.29,Active,4/10/2026 6:45
1570326,22,กรมพัฒนาพลังงานทดแทนและอนุรักษ์พลังงาน (จังหวัดกรุงเทพมหานคร),กรมพลังงานทดแทนและอนุรักษ์พลังงาน เลขที่ 17 ถนนพระราม 1 ปทุมวัน กรุงเทพฯ 10330,38.81,Active,4/10/2026 6:35
1570289,22,กรมพัฒนาพลังงานทดแทนและอนุรักษ์พลังงาน (จังหวัดกรุงเทพมหานคร),กรมพลังงานทดแทนและอนุรักษ์พลังงาน เลขที่ 17 ถนนพระราม 1 ปทุมวัน กรุงเทพฯ 10330,17.42,Active,4/10/2026 6:25
1570257,22,กรมพัฒนาพลังงานทดแทนและอนุรักษ์พลังงาน (จังหวัดกรุงเทพมหานคร),กรมพลังงานทดแทนและอนุรักษ์พลังงาน เลขที่ 17 ถนนพระราม 1 ปทุมวัน กรุงเทพฯ 10330,4.29,Active,4/10/2026 6:15
1570230,22,กรมพัฒนาพลังงานทดแทนและอนุรักษ์พลังงาน (จังหวัดกรุงเทพมหานคร),กรมพลังงานทดแทนและอนุรักษ์พลังงาน เลขที่ 17 ถนนพระราม 1 ปทุมวัน กรุงเทพฯ 10330,0.74,Active,4/10/2026 6:05
1570204,22,กรมพัฒนาพลังงานทดแทนและอนุรักษ์พลังงาน (จังหวัดกรุงเทพมหานคร),กรมพลังงานทดแทนและอนุรักษ์พลังงาน เลขที่ 17 ถนนพระราม 1 ปทุมวัน กรุงเทพฯ 10330,-0.69,Active,4/10/2026 5:55
1570162,22,กรมพัฒนาพลังงานทดแทนและอนุรักษ์พลังงาน (จังหวัดกรุงเทพมหานคร),กรมพลังงานทดแทนและอนุรักษ์พลังงาน เลขที่ 17 ถนนพระราม 1 ปทุมวัน กรุงเทพฯ 10330,-0.77,Active,4/10/2026 5:45
1570136,22,กรมพัฒนาพลังงานทดแทนและอนุรักษ์พลังงาน (จังหวัดกรุงเทพมหานคร),กรมพลังงานทดแทนและอนุรักษ์พลังงาน เลขที่ 17 ถนนพระราม 1 ปทุมวัน กรุงเทพฯ 10330,-1.13,Active,4/10/2026 5:35
1570110,22,กรมพัฒนาพลังงานทดแทนและอนุรักษ์พลังงาน (จังหวัดกรุงเทพมหานคร),กรมพลังงานทดแทนและอนุรักษ์พลังงาน เลขที่ 17 ถนนพระราม 1 ปทุมวัน กรุงเทพฯ 10330,-1.34,Active,4/10/2026 5:25
1570083,22,กรมพัฒนาพลังงานทดแทนและอนุรักษ์พลังงาน (จังหวัดกรุงเทพมหานคร),กรมพลังงานทดแทนและอนุรักษ์พลังงาน เลขที่ 17 ถนนพระราม 1 ปทุมวัน กรุงเทพฯ 10330,-1.31,Active,4/10/2026 5:15
1570042,22,กรมพัฒนาพลังงานทดแทนและอนุรักษ์พลังงาน (จังหวัดกรุงเทพมหานคร),กรมพลังงานทดแทนและอนุรักษ์พลังงาน เลขที่ 17 ถนนพระราม 1 ปทุมวัน กรุงเทพฯ 10330,-1.74,Active,4/10/2026 5:05
